frame,type,left,reference,left_label,reference_label,iou
adasind_060000.jpg,missing_annotation,,9,,ThreeWheeler,N/A
adasind_086220.jpg,mismatching_attributes,2,1,ThreeWheeler,ThreeWheeler,0.946
adasind_086220.jpg,extra_annotation,5,,Car,,N/A
adasind_086220.jpg,extra_annotation,6,,Bike,,N/A
adasind_086220.jpg,missing_annotation,,4,,Bike,N/A
adasind_102750.jpg,mismatching_attributes,2,1,Truck,Truck,0.932
adasind_102750.jpg,mismatching_attributes,1,2,Truck,Truck,0.890
adasind_102750.jpg,mismatching_attributes,4,4,ThreeWheeler,ThreeWheeler,0.686
adasind_102750.jpg,extra_annotation,5,,ThreeWheeler,,N/A
adasind_102750.jpg,extra_annotation,6,,Truck,,N/A
adasind_102750.jpg,missing_annotation,,5,,Truck,N/A
